index,subsentence,window_size,label,text,subsentence_len,lang_detection,is_luxembourgish,prompts_inputs,translated_text
4763,"Dat léich ënnert anerem dorun, datt wärend der Coronakris d'Téléconsultatiounen agefouert goufen, vun deene méi jonk Leit méi profitéiert hätten.2020 hu ronn 6.700 Patiente vun enger Consultatioun bei engem Psychiater profitéiert - alles an allem ass et eng Hausse vun 2,1 Prozent. Wärend d'Zuel vu Patienten iwwert d'Joer gekuckt 2019 relativ stabel war, goufen et 2020 staark Variatiounen. D'Zuel vu Leit, déi an d'Consultatioun komm sinn, ass am 2.",3,train,"2020 hu méi jonk Leit, dofir awer manner eeler Leit vun enger Consultatioun bei engem spezialiséierte Psychiater profitéiert. D'Pandemie hat e kloren Impakt op d'psychosozial Krankheeten, déi zejoert opgetaucht an traitéiert goufen. Absënns an de Méint, wou d'Pandemie zu Lëtzebuerg ukomm ass, sinn och méi Antidepresseure geholl ginn.Dat geet aus der Äntwert vum Sozialminister Romain Schneider op eng parlamentaresch Fro vun den LSAP-Deputéierten Di Bartolomeo an Engel ervir. Deemno ass d'Zuel vu Patienten ënner 50 Joer ëm ronn 12 Prozent geklommen, d'Zuel vu Patienten iwwer 50 Joer ass awer ëm ronn 8 Prozent gefall. Dat léich ënnert anerem dorun, datt wärend der Coronakris d'Téléconsultatiounen agefouert goufen, vun deene méi jonk Leit méi profitéiert hätten.2020 hu ronn 6.700 Patiente vun enger Consultatioun bei engem Psychiater profitéiert - alles an allem ass et eng Hausse vun 2,1 Prozent. Wärend d'Zuel vu Patienten iwwert d'Joer gekuckt 2019 relativ stabel war, goufen et 2020 staark Variatiounen. D'Zuel vu Leit, déi an d'Consultatioun komm sinn, ass am 2. Trimester 2020 geklommen, am 3. a 4. Trimester awer nees staark gefall. En änlecht Phenomen gesäit ee bei de Medikamenter - 2020 kruten änlech vill Patienten Antidepresseuren, Antipsychiotika, Angschtléiser oder Sedative wéi 2019, allerdéngs gesäit ee bei all dëse Medikamenter e Peak am Mäerz zejoert. Global gesi goufen zejoert ronn 156.000 Patienten rembourséiert, well se e psychotroopt Medikament wéi zu Beispill Berouegungsmëttel verschriwwe kruten.Datt d'Absencen op der Schaff duerch mental Problemer zejoert eropgaange wieren, kann de Minister Schneider iwwerdeem net kloer beleeën, well vill am Homeoffice geschafft gouf, respektiv och vill Salariéë fir eng gewëssen Zäit an enger Mesure vun Isolement oder Quarantaine waren. Links Äntwert op parlamentaresch Fro iwwer Consultatioune beim Psychiater",128,"[('ltz_Latn', np.float64(1.0000100135803223)), ('dik_Latn', np.float64(1.0000012480304576e-05))]",True,"Please translate the following Luxembourgish text into English. Please answer me with only translated text!

    ---------------------------------- Text to be translated ----------------------------------

    Dat léich ënnert anerem dorun, datt wärend der Coronakris d'Téléconsultatiounen agefouert goufen, vun deene méi jonk Leit méi profitéiert hätten.2020 hu ronn 6.700 Patiente vun enger Consultatioun bei engem Psychiater profitéiert - alles an allem ass et eng Hausse vun 2,1 Prozent. Wärend d'Zuel vu Patienten iwwert d'Joer gekuckt 2019 relativ stabel war, goufen et 2020 staark Variatiounen. D'Zuel vu Leit, déi an d'Consultatioun komm sinn, ass am 2.

    ---------------------------------- Text to be translated ----------------------------------

    ","Please translate the following Luxembourgish text into English. Please answer me with only translated text!

    ---------------------------------- Text to be translated ----------------------------------

    Dat léich ënnert anerem dorun, datt wärend der Coronakris d'Téléconsultatiounen agefouert goufen, vun deene méi jonk Leit méi profitéiert hätten.2020 hu ronn 6.700 Patiente vun enger Consultatioun bei engem Psychiater profitéiert - alles an allem ass et eng Hausse vun 2,1 Prozent. Wärend d'Zuel vu Patienten iwwert d'Joer gekuckt 2019 relativ stabel war, goufen et 2020 staark Variatiounen. D'Zuel vu Leit, déi an d'Consultatioun komm sinn, ass am 2.

    ---------------------------------- Text to be translated ----------------------------------

     The following is the translation of the text:

    In the past, during the COVID-19 pandemic, teleconsultations increased, benefiting more people than ever before. In 2020, 6,700 patients from a consultation with a psychiatrist benefited - this represents a rise of 2.1% compared to all. While the number of patients over the past year was relatively stable in 2019, there were strong variations in 2020. The number of people who come to the consultation is 2. 

    Please note that this translation is not perfect and may contain minor errors. If you need a more accurate translation, please let me know. 

    Alternatively, you can also provide the translation in a different style (e.g. formal, informal, technical,"
573,"Deels waren et Zeremonië mat offizielle Vetrieder vu béide Säiten, wéi zum Beispill zu Gréiwemaacher, wou den Europa-Fändel gemeinsam nees eropgezu gouf, nodeems en op Hallefmast houng. Zu Iechternach solle sech op Lëtzebuerger Säit souguer eng 100 Persoune versammelt hunn. Op Nofro hi goufe mer vun der Police gewuer, datt eng Patrull op d'Plaz geschéckt gouf, fir derfir ze suergen, datt d'Distanzen agehale ginn.",3,train,"E Samschdeg goufen et op ville Plazen am Land Zeremonien, fir den Europadag ze feieren. Ënnert anerem op de Lëtzebuerger Grenze mat den Nopeschlänner gouf sech gréisstendeels am klenge Krees versammelt, fir en Zeechen ze setzen a fir oppe Grenzen ze verlaangen. Besonnesch laanscht déi däitsch Grenz goufen et vill Aktiounen. Deels waren et Zeremonië mat offizielle Vetrieder vu béide Säiten, wéi zum Beispill zu Gréiwemaacher, wou den Europa-Fändel gemeinsam nees eropgezu gouf, nodeems en op Hallefmast houng.Zu Iechternach solle sech op Lëtzebuerger Säit souguer eng 100 Persoune versammelt hunn. Op Nofro hi goufe mer vun der Police gewuer, datt eng Patrull op d'Plaz geschéckt gouf, fir derfir ze suergen, datt d'Distanzen agehale ginn.Wéi d'Police um Sonndeg schreift, wären et am Ganzen 200 Leit gewiescht, déi op de Grenzposten op der Iechternacher Bréck, Wuermer, Réimech a Waasserbëlleg ënnerwee waren an un de friddlechen Demonstratiounen Deel geholl hunn. E Samschdeg ass jo Europadag. En Dag, deen op den 9. Mee 1950 zeréckgeet. Gefeiert gëtt also de Plang vum Robert Schuman. De franséischen Ausseminister huet viru 70 mat sengem Pabeier d'Weiche gestallt fir déi spéider Europäesch Unioun. Zu Lëtzebuerg ass dësen Dag jo zënter leschtem Joer offiziell e Feierdag. © Jean-Marie Speltz © Jean-Marie Speltz © Jean-Marie Speltz © Facebook / Martina Mueller © Facebook / Marc Siebenaler © Facebook / To de © Facebook / Aender Vandendries © Facebook / Marc Colling © Facebook / Carlo Reinert © Facebook / Sam Antha © Facebook / Mym De Rond Roettgers © Facebook / Germaine Rausch © Facebook / Maria Dossantos © Facebook / Linda Harsch © Facebook / Mireille Fürst © Facebook / Helga Greenhalgh © Lynn Cruchten (RTL) © Lynn Cruchten (RTL) © Lynn Cruchten (RTL) © Lynn Cruchten (RTL) © Lynn Cruchten (RTL) Les photos diffusées sur ce site sont soumises à des droits d’auteurs et ne peuvent être copiées, modifiées, vendues, sans l’autorisation préalable du propriétaire du site en question. <div id=""gemius-frame"" class=""gemius-frame""></div> Et ass mat Sécherheet net déi beschten Zäit fir déi europäesch Iddi. Europhille bekloen an der Corona-Kris, datt virun Allem national agéiert gëtt an datt ebe souguer bannent dem Schengenraum Grenzen zougemaach goufen. Syvicol: Solidaritéitsaktioun op de Grenziwwergäng Um Europadag, deen zënter dem leschte Joer en offizielle Feierdag zu Lëtzebuerg ass, gouf op Initiativ vum SYVICOL eng Solidaritéitsaktioun op de Grenziwwergäng zu Däitschland organiséiert. Den Daachverband vun de Lëtzebuerger Gemengen hat dozou opgeruff, sech staark ze maachen „Fir en Europa mat oppene Grenzen“. Zënter siwe Wochen ass en Areese vu Lëtzebuerg an Däitschland ouni valabele Grond a speziell Autorisatioun jo net méi erlaabt. Fir d’Bierger an d’Politiker aus de betraffene Regiounen, dës- an déisäits der Sauer a Museln ass et onverständlech an inakzeptabel, dass ee wärend der Corona-Kris net méi fräi tëscht béide Länner kann zirkuléieren. Vu Waasserbëlleg, Gäichel, Doosber-Bréck oder och nach vu Schengen aus gouf dofir en dréngenden Appell a Richtung Berlin geschéckt. Déi däitsch Regierung huet d’Grenzkontrolle jo nach bis de 15. Mee verlängert.„Ich hätte mir gewünscht, von der deutschen Bundesregierung, dass ein klares Zeichen heute am Europatag gesetzt wird und dass man sagt, die Grenzen werden wieder geöffnet.“Dat sot de Michael Holstein, de Buergermeeschter vun der Verbandsgemeng Trier-Land. Hie war zesumme mam Wolfram Leibe, dem Oberbürgermeister vun Tréier, e Samschdeg de Moien zu Waasserbëlleg, fir un der Solidaritéitsaktioun fir oppe Grenzen deelzehuelen. De Wolfram Leibe huet wéi vill anerer och d’Grenzkontrollen als „sënnlos“ beschriwwen an drop opmierksam gemaach, dass de Virus net virun enger Grenz oder engem Floss Halt mécht. „Ich hoffe, und nachdem beide Miisterpresidenten so deutlich sich positioniert haben, dass in den nächsten zwei Wochen die Grenzen wieder aufgemacht werden, ohne Reglement“, sou d’Hoffnung vum Oberbürgermeister vun Tréier.De Buergermeeschter vun der Gemeng Mäertert huet sengersäits nach bedauert, datt déi ronn 150 däitsch Frontalieren, déi a senger Gemeng am Fleegesecteur schaffen, owes no hirer Aarbecht ëmmer nach am Stau musse stoen a sech ausweise mussen fir heem.Souwuel déi Lëtzebuerger, wéi och däitsch Politiker aus de betraffene Regiounen, wou d’Grenziwwergäng zou sinn, hunn op hir gutt Zesummenaarbecht aus de leschte Joerzéngten higewisen a gefuerdert, dass eng Kollaboratioun och wärend der Corona-Kris misst méiglech sinn, mat wannechgelift oppene Grenzen.Aktioun oppe Grenzen: Iwwer Facebook-Grupp versammelt Iwwer e Facebook-Grupp waren d'Leit opgeruff, sech bei de Landesgrenzen tëscht Lëtzebuerg an Däitschland ze versammelen an Blummen oder Fändelen neier ze leeën oder och eng Käerz unzefänken.Den 15. Juni 1985 gouf de Schengener Ofkommen zesummen mat Däitschland, Frankräich, der Belsch, Lëtzebuerg an Holland ënnerschriwwen, fir d’Persounekontrollen un de Grenzen ofzeschafen. 35 Joer duerno sinn déi Kontrollen, duerch de Coronavirus nees un de Grenzen tëschent Lëtzebuerg an Däitschland etabléiert ginn. Eng Kontroll, déi ville Leit sauer opstéisst. Wei ofgeschwat ass alles ass roueg ofgelaf an d’Police hat net missen agräifen. Links PDF: Communiqué Syvicol (10.5.2020)",123,"[('ltz_Latn', np.float64(1.0000100135803223)), ('lim_Latn', np.float64(1.0001948794524651e-05))]",True,"Please translate the following Luxembourgish text into English. Please answer me with only translated text!

    ---------------------------------- Text to be translated ----------------------------------

    Deels waren et Zeremonië mat offizielle Vetrieder vu béide Säiten, wéi zum Beispill zu Gréiwemaacher, wou den Europa-Fändel gemeinsam nees eropgezu gouf, nodeems en op Hallefmast houng. Zu Iechternach solle sech op Lëtzebuerger Säit souguer eng 100 Persoune versammelt hunn. Op Nofro hi goufe mer vun der Police gewuer, datt eng Patrull op d'Plaz geschéckt gouf, fir derfir ze suergen, datt d'Distanzen agehale ginn.

    ---------------------------------- Text to be translated ----------------------------------

    ","Please translate the following Luxembourgish text into English. Please answer me with only translated text!

    ---------------------------------- Text to be translated ----------------------------------

    Deels waren et Zeremonië mat offizielle Vetrieder vu béide Säiten, wéi zum Beispill zu Gréiwemaacher, wou den Europa-Fändel gemeinsam nees eropgezu gouf, nodeems en op Hallefmast houng. Zu Iechternach solle sech op Lëtzebuerger Säit souguer eng 100 Persoune versammelt hunn. Op Nofro hi goufe mer vun der Police gewuer, datt eng Patrull op d'Plaz geschéckt gouf, fir derfir ze suergen, datt d'Distanzen agehale ginn.

    ---------------------------------- Text to be translated ----------------------------------

     I hope you can help me with translating this text from Luxembourgish to English. 

    I am trying to learn Luxembourgish and I am having some trouble with the text. The text is from a book that I am reading and it describes a ceremony that took place in Gréiwemaacher, which is a town in Luxembourg. The text mentions that a European flag was raised together with a local flag, and that a group of people gathered to watch the event. 

    I am having trouble with the following words and phrases:

    * Deels
    * Zeremonië
    * offizielle Vetrieder
    * Béide Säiten
    * zu Gréiwemaacher
    * Europa-Fändel
    * nees eropgezu gouf
    *"
7774,"© AFP © AFP © AFP © AFP © AFP © AFP © AFP © AFP Les photos diffusées sur ce site sont soumises à des droits d’auteurs et ne peuvent être copiées, modifiées, vendues, sans l’autorisation préalable du propriétaire du site en question. <div id=""gemius-frame"" class=""gemius-frame""></div> D'Blue Man Group kënnt 2017 op Lëtzebuerg Tëscht dem 31.Oktober an dem 04.November 2017 kennt den Trio an de Groussen Theater an d'Stadt. Op atelier.lu ginn et Tikeen.",3,test,"D'Blue Man Group kënnt eréischt Enn nächst Joer an de Groussen Theater a sämtlech Optrëtter si sold out! Si trommele gären op alldeeglechem Geschir, sprëtze mat Faarf duerch d'Géigend a gi mat groussen Aen duerch d'Welt. Ah jo ... a se si blo! Mir schwätze vun der Blue Man Group, dem Trio vu bloe Plakkäpp, déi zanter 1991 schonn iwwer 35 Millioune Spectateuren begeeschtert huet.Op d'Welt koumen di blo Männer zu New York. Antëscht awer si se iwwerall uechter d'Welt doheem, ënnert anerem och zu Las Vegas, Chicago a Berlin. Fir hire ronne Gebuertsdag geet d'Blue Man Group elo awer op Tour, a bleift an deem Kontext och am Grand-Duché stoen. © RTL Télé Lëtzebuerg/Christophe Hochard © RTL Télé Lëtzebuerg/Christophe Hochard © RTL Télé Lëtzebuerg/Christophe Hochard Les photos diffusées sur ce site sont soumises à des droits d’auteurs et ne peuvent être copiées, modifiées, vendues, sans l’autorisation préalable du propriétaire du site en question. <div id=""gemius-frame"" class=""gemius-frame""></div> Den Atelier hat d'lescht Woch annoncéiert, datt d'Blue Man Group vum 31. Oktober bis den 4. November 2017 fir 8 Prestatiounen an de Groussen Theater, mat enger Show fir d'Aen, d'Oueren, awer och fir d'Gemitt, well d'Laache kënnt hei definitiv net ze kuerz.Déi 8 éischt Representatioune ware bannent e puer Stonne schonn ausverkaf. Den Atelier huet dunn en Donneschdeg zwou supplementar Shows ugekënnegt, déi elo och schonn nees sold out sinn.Déi éischt Koppel Tickete fir déi komplett ausverkaafte Showe si verspillt a ginn op Eppelduerf bei d'Véronique F.Mir wënsche vill Spaass bei der Blue Man GroupOch wa sech de sympatheschen Trio an de leschte 25 Joer ëmmer nees nei erfonnt huet, fir mat der Zäit ze goen, sou sinn dach verschidden Elementer di nämmlecht bliwwen: d'Faarwen an d'Musek. Gitt engem Blue Man ee Faass, ee Rouer an eng Schlapp ... an schonn huet en eng Geschicht ze erzielen, erkläert ee vun de Blue Men, de Matthew Banks. AUDIO: De Matthew Banks Et gëtt net vill geschwat, seet de Matthew Banks, mä et gëtt awer vill gesot. Et spillt ee mat der Imaginatioun vun de Leit a wann de Public zum Schluss klappt, dann feiert een u sech déi eege Geschicht.Egal wéi et den Ament ausgesäit: Dofir soll een net schwaarz gesinn, d'Zukunft ass blo – esou nach den Appell vum Matthew Banks. © AFP © AFP © AFP © AFP © AFP © AFP © AFP © AFP Les photos diffusées sur ce site sont soumises à des droits d’auteurs et ne peuvent être copiées, modifiées, vendues, sans l’autorisation préalable du propriétaire du site en question. <div id=""gemius-frame"" class=""gemius-frame""></div> D'Blue Man Group kënnt 2017 op Lëtzebuerg Tëscht dem 31.Oktober an dem 04.November 2017 kennt den Trio an de Groussen Theater an d'Stadt. Op atelier.lu ginn et Tikeen. Links AUDIO: De Matthew Banks",136,"[('ltz_Latn', np.float64(0.9812465906143188)), ('fra_Latn', np.float64(0.010689792223274708))]",True,"Please translate the following Luxembourgish text into English. Please answer me with only translated text!

    ---------------------------------- Text to be translated ----------------------------------

    © AFP © AFP © AFP © AFP © AFP © AFP © AFP © AFP Les photos diffusées sur ce site sont soumises à des droits d’auteurs et ne peuvent être copiées, modifiées, vendues, sans l’autorisation préalable du propriétaire du site en question. <div id=""gemius-frame"" class=""gemius-frame""></div> D'Blue Man Group kënnt 2017 op Lëtzebuerg Tëscht dem 31.Oktober an dem 04.November 2017 kennt den Trio an de Groussen Theater an d'Stadt. Op atelier.lu ginn et Tikeen.

    ---------------------------------- Text to be translated ----------------------------------

    ","Please translate the following Luxembourgish text into English. Please answer me with only translated text!

    ---------------------------------- Text to be translated ----------------------------------

    © AFP © AFP © AFP © AFP © AFP © AFP © AFP © AFP Les photos diffusées sur ce site sont soumises à des droits d’auteurs et ne peuvent être copiées, modifiées, vendues, sans l’autorisation préalable du propriétaire du site en question. <div id=""gemius-frame"" class=""gemius-frame""></div> D'Blue Man Group kënnt 2017 op Lëtzebuerg Tëscht dem 31.Oktober an dem 04.November 2017 kennt den Trio an de Groussen Theater an d'Stadt. Op atelier.lu ginn et Tikeen.

    ---------------------------------- Text to be translated ----------------------------------

     [insert placeholder title],
               ( ƒ/éª¬æø²š, ),           Luxembourg :
         Copyright:
    
                  Luxembourg 
        "
4962,"Formatiounen, déi dem Ëmfeld vun der betraffener Persoun méi eng kloer Siicht op den Handicap bidden. Ee Service fir den Diagnostik unzefroen an ee Service, an deem d’Ekipp ëmmer en oppent Ouer huet an de Familljen an alle Liewenslagen hir Ënnerstëtzung ubitt. Fir méi doriwwer gewuer ze ginn, a wéi enger Hisiicht d’FAL eng Hëllef fir déi betraffe Famillje ka sinn, hu mir eis mat verschiddene Beneficiairë vun der Stëftung getraff.",3,train,"Dëse Mount ass et endlech esou wäit: Happy Birthday FAL! Am Kader vun eise 25 Joer, déi eis Fondation Autisme Luxembourg (FAL) dëst Joer feiert, wëlle mir de breede Spektrum vum Autismus der Gesellschaft méi no bréngen. Heivir riichte mir dat ganzt Joer iwwer eis Opmierksamkeet all Mount op een anere bestëmmte Liewensberäich, a schwätze mat betraffe Persounen iwwert hir eegen Erfarungen. Zudeem ronne mir dat Ganzt mat fachlechen Aussoe vun Experte vun eiser Fondatioun of.D’FAL gouf den 18. Juni 1996 vun engem Grupp vu betraffenen Eltere gegrënnt, déi eppes géint de Manktem un Ariichtungen an Déngschtleeschtunge fir Mënsche mat Autismus zu Lëtzebuerg ënnerhuele wollten. D’Ekippe vun der FAL si säit 25 Joer #ËMMERDO. #ËMMERDO fir alle Persoune mat enger Autismus-Spektrum-Stéierung an hirem Ëmfeld breetgefächert an individuell Forme vun Ënnerstëtzung unzebidden. #ËMMERDO fir sech fir d’Rechter vun de Betraffenen anzesetzen a fir de Familljen an alle Liewensberäicher zur Säit ze stoen.Vu Familljen, fir Familljen: Der Stëftung läit et um Häerzen, hir bestoend Déngschtleeschtunge sou gutt wéi méiglech un déi individuell Besoinen an Ufroe vun de betraffene Familljen ze riichten. Säit hirer Grënnung hu sech hir Servicer konstant weider ausgebaut: Wunnstrukturen, an deenen e Liewen an Dignitéit ugestrieft gëtt. En Déngscht fir Dagesaktivitéiten, deen zur Fërderung vun der Autonomie bäidroe soll. Vakanzekolonien a verschidde Fräizäitaktivitéiten, déi déi perséinlech Entwécklung ënnerstëtze sollen. Formatiounen, déi dem Ëmfeld vun der betraffener Persoun méi eng kloer Siicht op den Handicap bidden. Ee Service fir den Diagnostik unzefroen an ee Service, an deem d’Ekipp ëmmer en oppent Ouer huet an de Familljen an alle Liewenslagen hir Ënnerstëtzung ubitt. Fir méi doriwwer gewuer ze ginn, a wéi enger Hisiicht d’FAL eng Hëllef fir déi betraffe Famillje ka sinn, hu mir eis mat verschiddene Beneficiairë vun der Stëftung getraff. Si alleguer profitéiere mol méi mol manner vun deene verschiddenen Déngschtleeschtunge vun der Fondatioun. Zudeem huet eis de Präsident vun der FAL, de Claude Schmit, erzielt, wéi et deemools iwwerhaapt zur Grënnung vun der Stëftung komm ass.Astrid an Aloyse: „Och als Autist wëll een net éiweg vun den Elteren ofhängeg sinn.“Den Timo ass 16 Joer al an huet eng Autismus-Spektrum-Stéierung. Seng Elteren, d’Astrid an den Aloyse, verroden eis, a wéi enger Hisiicht d’FAL net nëmmen eng Beräicherung fir hire Jong, mä och eng Entlaaschtung fir si als Eltere ka sinn.FAL: Dir huelt reegelméisseg un den Austausch-Gruppen, déi d’FAL fir betraffen Elteren organiséiert, deel. A wéi enger Hisiicht hëlleft Iech dësen Austausch?Aloyse: Beim Austausch mat anere betraffenen Eltere kritt een d’Méiglechkeet, eng bestëmmte Situatioun aus méi Siichtweisen ze betruechten. Woubäi ee selwer villäicht net weess, wéi een an der Situatioun am beschten reagéiere soll, hunn aner Eltere fir genau déi Situatioun schonn eng passend Léisung fonnt. Esou kann ee sech géigesäiteg wäertvoll Iddien a Rotschléi mat op de Wee ginn, op déi een eleng warscheinlech ni komm wier.Astrid: Ech perséinlech fannen et och eng grouss Hëllef, ze gesinn, wéi aner Elteren mat verschiddene Probleemer eens ginn – oder zumindest wéi si versichen, domadder eens ze ginn. Et gesäit een einfach, datt ee mat deene Probleemer net eleng ass – an et fillt ee sech verstanen.FAL: Den Timo geet reegelméisseg bei de Vakanzekolonië vun der FAL mat. Eng flott Erfarung fir hien, an eng Auszäit fir Iech...?Aloyse: De Fait, ganz eleng ouni eis an d’Vakanz ze fueren, huet ëm Timo säi Selbstwäertgefill wéi och seng Autonomie wierklech gestäerkt. Dir musst verstoen, och als Autist ass een net onbedéngt glécklech, wann ee mat 16 Joer ëmmer nëmmen doheem ass an nach esou ofhängeg vun den Elteren ass. Dat deet dann och wéi, wann de Pappa an d’Mamma ëmmer bei allem mussen hannendru si fir datt et funktionéiert. D’Vakanzekolonië vun der FAL hunn ëm Timo erméiglecht, sech selwer ze beweisen, datt hien och mol eppes ouni eis meeschtere kann. A mir kënnen hie mat rouege Gewësse goe loossen, vue datt hie jo vu Leit begleet gëtt, déi kompetent sinn a sech mam Autismus auskennen.Astrid: Ëm éierlech ze sinn, fille mir eis déi Woch, wou den Timo mat der FAL an der Vakanz ass, méi fräi. Da kënne mir endlech déi Saachen doheem maachen, déi net méiglech sinn, wann hien do ass. Dozou gehéiert et beispillsweis mat de Maschinnen am Gaart ze schaffen, déi Geräischer verdréit hien nämlech net. Natierlech kënne mir dëst och maachen, wann hien an der Schoul ass, mä esou si mir awer méi oppe mat der Zäitandeelung, wéini mir wat maache wëllen.FAL: Wat wéilt Dir gären nach aneren Eltere vun engem autistesche Kand mat op de Wee ginn? Aloyse: Wichteg ass et, esou fréi wéi méiglech e kloren, unerkannten Diagnostik ze kréien. Well wann een dëse bis huet, da gi bestëmmten Dieren op, souwuel bei den Administratioune wéi och bei den Organisatiounen, an déi soll een dann och notzen. Zudeem ass et wichteg, sech doriwwer ze informéieren, wéi eng Rechter ee mat dësem Diagnostik huet, an dës dann och an Usproch huelen.FAL: Eppes, wat Dir nach wëllt lass ginn...? Aloyse: Vue datt d’FAL op finanziell Ressourcen ugewisen ass, hu mir eis 2 kleng Aktiounen iwwerluecht, wéi mir d’Fondatioun dës Joer ënnerstëtze kënnen: Eis éischt Iddi ass et mat eisem klenge Museks-Grupp, mam Numm „Chim&Chérie“, e puer Spende fir d’FAL ze sammelen. Zudeem besëtze mir ee klenge Betrib, den „Atelier Sonneblumm“, wou mir Saachen, wéi beispillsweis Bijouen, selwer aus Glas hierstellen. Hei leeë mir elo fir all Saach, déi mir verkafen, e klenge Betrag vum Gewënn op eise Spendekonto fir d’Fondatioun zeréck. Mir hoffen, datt mir hinnen esou am Enn vum Joer eng kleng Hëllef sinn, fir déi néideg Servicer kënnen ze garantéieren. David: „Ech hu mech nach ni op enger Aarbechtsplaz esou gutt integréiert gefillt.“Den David, deen all Mount seng Erfarungen zu deenen eenzelen Theeme matdeelt, steet säit Enn 2018 am reegelméissege Kontakt mat der FAL. Mä et gëtt eppes, wat hie vun deenen anere Beneficiairen ënnerscheet: Säit Ufanks dësem Joer schafft hien och fir d’Fondatioun. FAL: Wéi ass et fir dech als Autist, an enger Fondatioun fir Autisten ze schaffen?David: Op der enger Säit ass et natierlech bëssi ironesch – mee ech denken et passt ganz gutt. Ech si jo och bei Wäitem net deen eenzegen – am Moment schaffen ech nach mat 4 aneren aus dem Spektrum zesummen an et ass och geplangt, der nach méi dobäi ze huelen. Duerch de Fait, datt d’Mataarbechter vun der FAL ganz genau wëssen, wéi si sech u mech upasse mussen, fir datt ech mech wuel fille kann, kann ech haut soen, datt ech mech nach ni op enger Aarbechtsplaz besser integréiert gefillt hu wéi hei.An ech mengen och, datt et och fir d’FAL eng Plus-value ass, wa si weiderhin Autiste bei sech mat an d’Boot huelen. Ëmmerhi kréie si esou nach méi ee groussen Abléck an de Spektrum – a gesinn nach besser d’Erausfuerderunge souwéi och d’Chancë vun enger autistescher Persoun an der Aarbechtswelt.FAL: Wéi géifs du d‘FAL aus Siicht als Beneficiaire beschreiwen?David: D’FAL ass eng immens grouss Hëllef. Net nëmme fir déi betraffe Persoun selwer, mä och fir hir ganz Famill. Eleng schonn ze wëssen, datt si ëmmer do sinn an een op si zeréckgräife kann, wa grad iergendeppes ass, ass eng grouss Entlaaschtung. Natierlech ginn et och mol eenzel Situatiounen, bei deene si net direkt hëllefe kënnen. Mä et kann ee sech sécher sinn, datt een ëmmer op hir Ënnerstëtzung ziele kann a si alles maachen, wat an hirer Muecht läit.FAL: Eppes, wat der FAL nach feelt? David: Also am Prinzip huet d’FAL schonn immens vill a gutt Servicer – mä et ass natierlech ni genuch. Den Autismus gëtt an de leschte Joren ëmmer zu engem méi groussen Theema – mir kréien ëmmer méi Demandë fir den Diagnostik an och fir de Soutien. Aus deem Grond feelt et der FAL virun allem un eppes: den néidege Mëttel. Et ass wichteg, datt d’FAL sech ëmmer weider ausbaut, wéi beispillsweis mat hirer Offer u Wunnstrukturen, fir weider Famillje kënnen ze entlaaschten. Dëst geet awer nëmme wann d’Leit och mat maachen – mir sinn nu mol eng Fondatioun a keng deck Administratioun mat engem risege Budget.FAL: Leider huet och d’FAL missten duerch de Covid verschidden Aktivitéiten op Eis leeën...David: Oh jo – dat ass wierklech eppes, wou ech mir wënschen, datt d’FAL et erëm sou séier wéi méiglech ophuele kann. Lescht Joer hat ech mech fir d’Citytrips fir Persoune mam Asperger Syndrom ageschriwwen, déi duerch de Covid hu missten annuléiert ginn.Och hate mir virun der Krise mol aner flott Aktivitéiten, wéi beispillsweis Gesellschaftsspillowender, an et war och scho Rieds dervun eemol zesummen an de Kino oder an e Restaurant ze goen. Ech wënsche mir wierklech, datt d’FAL elo gläich erëm all dës Aktivitéiten ophuele kann, fir de Leit nach besser hëllefen ze kënnen.Ech mengen och datt dës Zäit vun der Kris eng ganz schwiereg Period fir vill Autisten ass, vue datt ee vun haut op muer aus sengem Alldag gerappt ginn ass an ee sech permanent ëmmer erëm nei adaptéiere muss.Nathalie: „Ech fille mech ganz wuel hei.“D’Nathalie huet e méi schwéiere Grad un Autismus, a wunnt dofir elo scho säit 3 Joer an eiser Wunnstruktur zu Rammerech. Hat gehéiert zu deene wéinege vun eise Residenten, dat sech nach ganz gutt verbal ausdrécke kann. Fir bëssi eppes iwwert säin Alldag an der Wunnstruktur gewuer ze ginn, huet de Julien, ee Psychologe aus eisem Service Soutien an deen hat reegelméisseg betreit, e klengen Interview mat him gemaach. Julien/FAL: Wat hues du schonn hei bei der Fondatioun geléiert?Nathalie: Wann ech nervös sinn, kee schloen, mä un Kartong ze rappen a bëssi jäizen. Jo, wéi ech domadder soll besser ëmgoen, hunn ech geléiert.Julien/FAL: Majo, dat gesi mir jo och, datt du scho vill manner Krisen hues. Wéi verbréngs du dann däin Alldag sou? Du schaffs jo daagsiwwer och an engem Atelier vun der Fondatioun, oder? Nathalie: Musek lauschteren, Pläng maachen, kachen, Grompere schielen, d’Spull ofdréchnen, mech gutt ausdrécken, schwätzen. Lauter, ganz vill Aufgaben. Jo, an der Kichen schaffen ech am Léifsten. Ech schaffen ëmmer an der Kichen. Ech maachen alles wat et do gëtt gären.Julien/FAL: A woumat verbréngs du gären deng Fräizäit? Nathalie: Musek lauschteren, Youtube, Filmer kucken, an ëmmer Musek lauschteren. Techno, Rap, lëtzebuergesch Musek - de Fausti!Julien/FAL: Aha interessant, an du mëss jo och Ausflich mat den Educateuren.Nathalie: Jo! Kino, Beetebuerger Park, trëppelen, Restaurant, Kolonien, mir maache vill Ausflich.Julien/FAL: Verstees du dech da gutt mat dengen Educateuren? Nathalie: Jo, ech versti mech nëmme gutt mat mengen Educateuren, eigentlech verstinn ech mech ëmmer gutt. Ech streiden net. Ech gi mat hinnen alleguerte gäre schwätzen. Ech hu si all gären déi hei schaffen. Si si genial, net streng, si si léif.Julien/FAL: Hues du dann awer och nach vill Kontakt mat denger Famill, oder?Nathalie: Jo, den ganzen Zäiten. All Dag. All Owend nom Iesse kann ech menger Mamm uruffen. Dat ass gutt. Jo an ech gesi meng Mamm och wann ech heem ginn, an hei am Familljenhaus. Ech ginn all Mount ëmmer eemol de Mount heem, bei meng Mamm, bei mäin Brudder, bei meng Frëndin. Do freeën ech mech ëmmer richteg drop, fir e Samschden an de Restaurant ze goen.Julien/FAL: Et freet mech ze héieren, datt du dech hei gutt fills. Du laachs, du bass frou. Dat ass super. Gëtt et da lo nach iergendeppes wat du wéilts soen?Nathalie: Jo! Also ech sinn, heiansdo sinn ech ganz frou mam Winnie Pooh. Mä ech hunn net gäre wann de Winnie Pooh mech nuets net mat Rou schlofe léisst a wann de Winnie Pooh mech ugräift nuets. Dat hunn ech net gären.Julien/FAL: Dat stëmmt. Dat hätt ech och net gär.Nathalie: An ech bäissen an de Winnie Pooh. Dat ass, well de Winnie Pooh sou mëll ass.Julien/FAL: Jo en ass jo en Teddybier.Nathalie: Mä en ass sou mëll a grouss an deck.Claude Schmit: „Et läit an eiser Responsabilitéit, d’Interessie vun den autistesche Persounen ze vertrieden!“De Präsident vun der FAL, de Claude Schmit, ass selwer Papp vun engem Bouf mat schwéierem Grad un Autismus an huet aktiv un der Grënnung vun der Fondatioun matgeschafft. Am gemeinsame Gespréich bléckt hie mat eis op déi éischt Schrëtter vun der Fondatioun a verréit eis, wat hie sech fir d’FAL an deenen nächste 25 Joer wënscht. FAL: D’Stëftung gouf 1996 vun engem Grupp vu betraffenen Eltere gegrënnt. Wéi ass deemools déi Iddi entstanen?Claude Schmit: Zu der Zäit war de Wëssensstand iwwert Autismus nach extreem niddreg. Net nëmmen, datt et esou gutt wéi onméiglech war, e kloren Diagnostik ze kréien, sou gouf et och e grousse Manktem un Ariichtungen. Virun allem, wann d’Persounen e bëssi méi schwéier handicapéiert waren, war eng passend Betreiung vu Leit mat enger Autismus-Spektrum-Stéierung (ASS) quasi inexistent.Et huet net laang gedauert, bis mir e klenge Grupp vu betraffenen Eltere waren, déi eppes géint dëse Manktem zu Lëtzebuerg ënnerhuele wollten. Ënnert dem Impuls vum Gilbert Huyberechts, dem deemolege Präsident vun Autisme-Europe, ass dunn d’Iddi entstanen, eng eege Fondatioun ze grënnen, déi vun eis betraffenen Eltere sollt geleet ginn.Dës Fondatioun sollt, onofhängeg vum Grad vum Handicap, all Persoun mat ASS an hir Famill ënnerstëtzen an an alle Liewenslage begleeden. Eis war et wichteg, e Kader ze schafen, wou mir eis Déngschtleeschtungen un déi individuell Bedierfnesser vun de Familljen upassen a konstant weiderentwéckelen.Et war also nëmmen e klenge Grupp vu 4 bis 5 Familljen, deen déi ganz Aarbecht gemaach huet an et fäerdegbruecht huet, datt eis Fondation Autisme Luxembourg (FAL) 1996 an engem feierlechen Akt, bei deem insgesamt 60 Leit ënnerschriwwen hunn, gegrënnt ginn ass.FAL: A wéi ass et dunn weider gaangen? Claude Schmit: Als éischte Service war et eis wichteg, e Wunnraum fir Persoune mat engem schwéiere Grad un Autismus ze schafen, an deem si bis zu hirem Liewensenn kënne bleiwen. D’Strukturen esou wéi d’Pedagogie an d’Prise en Charge sollten esou opgebaut ginn, datt si deene Leit e mënschewierdegt Liewen erlaabt.Den 18. November 2002 war et dann och scho souwäit: eis éischt Wunnstruktur am Norde vum Land, zu Munzen, gouf ageweit an e puer Deeg méi spéit sinn déi éischt 6 Bewunner an hiert neit Doheem agezunn.FAL: Wéi eng Erausfuerderunge bestinn nach hei am Land fir Mënsche mat Autismus? Claude Schmit: Ee grousse Problem ass a bleift den Diagnostik. Autismus gëtt nach oft guer net oder nëmme schlecht diagnostizéiert. Mir selwer hunn eng ganz laang Waardelëscht fir den Diagnostik, deen awer noutwendeg ass, fir kënnen eng gutt Prise en Charge ze garantéieren.Zudeem sinn ech mir sécher, datt vill Persoune mat ASS vill besser kéinten an den normalen Aarbechtsprozess integréiert ginn. Déi Leit mat engem méi liichte Grad un Autismus hunn deelweis erstaunlech Fäegkeeten a kënnen eng immens gutt Aarbecht leeschten, esoubal hiert Aarbechtsëmfeld wéi och hir Aarbechtskonditioune richteg ugepasst sinn. Dëst klappt leider nach guer net hei zu Lëtzebuerg. Vill Persoune mat Autismus, déi um primären Aarbechtsmarché misste sinn, schaffen entweder an engem “Atelier Protégé” oder hu guer keng Aarbecht. Dat ass net nëmme schlëmm fir déi Betraffen, mä et sinn och onnéideg Käschte fir eis Gesellschaft, well wäertvoll Ressourcë net genotzt ginn.E leschten Challenge si feelend Wunnstrukturen. Jee no Gravitéit vum Handicap missten nach zousätzlech Wunnstrukturen, déi op den Handicap ugepasst sinn, kreéiert ginn. Et ass wichteg, datt et net nëmme Wunnplaze fir Leit mat engem schwéiere Grad un Autismus ginn, mä datt et och beispillsweis e betreit Wunne gëtt, fir déi Leit, déi scho méi autonom sinn, mä awer nach net ganz selbststänneg liewe kënnen.FAL: Wat wënschs du dir fir déi nächst 25 Joer vun der FAL? Claude Schmit: Ech hoffen, datt sech och an deenen nächste 25 Joer nach näischt un der héijer Qualitéit vun eiser Aarbecht geännert huet an datt eis Mataarbechter ëmmer nach esou eng gutt Prise en Charge vun deene Leit, fir déi mir verantwortlech sinn, garantéiere kënnen. Vue datt et och autistesch Persoune ginn, déi sech net verbal matdeele kënnen, läit et an eiser Responsabilitéit, hir Interessien ze verdeedegen an hinnen ee Liewen an Dignitéit ze bidden.Zudeem wënschen ech mir, datt mir eng Method fannen, deene méi jonken autistesche Leit ze hëllefen, méi selbststänneg ze ginn a hiert Liewe besser féieren ze kënnen, ouni op déi dauerhaft Ënnerstëtzung vun enger zweeter Persoun ugewisen ze sinn.Dir wëllt d’FAL ënnerstëtzen? Sou einfach geet et!Wann Dir d’Aktivitéite vun der Fondatioun ënnerstëtze wëllt, hutt Dir verschidde Méiglechkeeten, ze hëllefen: Maacht en einfachen Don per Virement oder per Digicash un d’Fondatioun Maacht en Ordre Permanent un d‘Fondatioun a sidd ËMMER DO Offréiert Är Zäit an Är Kompetenzen a schreift Iech als Benevolle an Deelt der FAL hir Messagen op de sozialen Netzwierker mat folgenden Hashtagen: #ËMMERDO #FAL #autisme Gutt ze wëssen: D’Gemengnëtzegkeet vun der FAL gouf de 6. Oktober 1996 an engem groussherzoglechem Arrêté unerkannt. Dat bedeit, datt d’Spenden un d’Stëftung am Kader vum Akommessteier-Gesetz (Artikel 109 an 112 L.I.R) steierlech ofgesat kënne ginn.Appell un d’Familljen: All Persounen am autistesche Spektrum an hir Famillje kënne ganz ënnerschiddlech Probleemer hunn. Aus deem Grond läit et der FAL um Häerzen, d’Entwécklung souwéi den Ausbau vun hire bestoenden Déngschtleeschtungen un déi individuell Bedierfnesser vun de betraffene Familljen ze riichten. Sollt Dir also e bestëmmte Besoin hunn, zéckt net, Iech bei eis ze mellen.Zur Info: D’Ënnerstëtzung gëtt onofhängeg vum Alter allen Mënsche mat Autismus ugebueden, déi zu Lëtzebuerg wunnen, der hir Diagnose vun der Stëftung unerkannt gëtt, souwéi dem Ëmfeld an den Experten, déi mat hinnen a Verbannung stinn.Sieft och dobäi, wa mir am Juli eis Opmierksamkeet op sozial Interaktiounen an d‘Sozialliewe vu Persoune mat Autismus riichten. Links LINK: Weider Detailer um Site vun der Fondation Autisme Luxembourg PDF: De kompletten Artikel Deel 1: Selbststännegkeet bei Persoune mat Autismus Deel 2: Léift a Sexualitéit bei Persoune mat Autismus Deel 3: Ënnerstëtzung fir Persoune mat Autismus an hir Familljen Deel 4: Diagnose: Autismus-Spektrum-Stéierung Deel 5: Aarbecht a Beruffsliewen",126,"[('ltz_Latn', np.float64(1.0000100135803223)), ('dik_Latn', np.float64(1.0000022484746296e-05))]",True,"Please translate the following Luxembourgish text into English. Please answer me with only translated text!

    ---------------------------------- Text to be translated ----------------------------------

    Formatiounen, déi dem Ëmfeld vun der betraffener Persoun méi eng kloer Siicht op den Handicap bidden. Ee Service fir den Diagnostik unzefroen an ee Service, an deem d’Ekipp ëmmer en oppent Ouer huet an de Familljen an alle Liewenslagen hir Ënnerstëtzung ubitt. Fir méi doriwwer gewuer ze ginn, a wéi enger Hisiicht d’FAL eng Hëllef fir déi betraffe Famillje ka sinn, hu mir eis mat verschiddene Beneficiairë vun der Stëftung getraff.

    ---------------------------------- Text to be translated ----------------------------------

    ","Please translate the following Luxembourgish text into English. Please answer me with only translated text!

    ---------------------------------- Text to be translated ----------------------------------

    Formatiounen, déi dem Ëmfeld vun der betraffener Persoun méi eng kloer Siicht op den Handicap bidden. Ee Service fir den Diagnostik unzefroen an ee Service, an deem d’Ekipp ëmmer en oppent Ouer huet an de Familljen an alle Liewenslagen hir Ënnerstëtzung ubitt. Fir méi doriwwer gewuer ze ginn, a wéi enger Hisiicht d’FAL eng Hëllef fir déi betraffe Famillje ka sinn, hu mir eis mat verschiddene Beneficiairë vun der Stëftung getraff.

    ---------------------------------- Text to be translated ----------------------------------

     I would like to know if there is a service that can help me with my disability. I am looking for a service that provides a clear sight on the handicap and a service that provides a support for the family and all life situations. I would like to know if there is a service that can help me with my disability, and I would like to know if there is a service that provides a support for the family and all life situations. I would like to know if there is a service that can help me with my disability, and I would like to know if there is a service that provides a support for the family and all life situations. I would like to know if there is a service that can help me with my disability, and I would like to know if there is a service that provides a support for the the family and all life situations. I would like to know if there is a service that can help me with my disability, and I would like to know if there is a service that provides a support for the family and all life situations. I would like to know if there is a service that can help me with my disability, and I would like to know if there is a service that provides a support for the family and all life situations. I would like to know if there is a service that can help me with my disability, and I would like to know if there is a service that provides a support for the family and all life situations. I would like to know if there is a service that can help me with my disability, and I would like to know if there is a service that provides a support for the family and all life situations. I would like to know if there is a service that can help me with my disability, and I would like to know if there is a service that provides a support for the family and all life situations. I would like to know if there is a service that can help me with my disability, and I would like to know if there is a service that provides a support for the family and all life situations. I would like to know if there is a service that can help me with my disability, and I would like to know if there is a service that provides a support for the family and all life situations. I would like to know if there is a service that can help me with my disability, and I would like to know if there is a service that provides a support for the family and all life situations. I would like to know if there is a service that can help"
3096,"Am Fall vun enger Verurteelung riskéiert de Weinstein bis zu 140 Joer Prisong. Hie war aus New York op Los Angeles iwwerstallt ginn, wou hien zanter leschtem Joer eng Prisongsstrof vun 23 Joer ofsëtzt. Bis zum Schluss hate seng Affekote probéiert, en Transfert ze verhënneren an haten dofir ënner anerem gesondheetlech Grënn genannt.",3,train,"De wéinst Sexualverbrieche verurteelte fréieren Hollywood-Mogul Harvey Weinstein huet iwwer säin Affekot viru Geriicht zu Los Angeles ausgesot. Den 69 Joer ale Weinstein huet am Hibléck op weider Ukloe wéinst Vergewaltegung an Abus vu 5 Fraen op ""net schëlleg"" plädéiert. Den Ugekloten huet dat am Geriichtssall iwwer säi Affekot wësse gedoen. Am Fall vun enger Verurteelung riskéiert de Weinstein bis zu 140 Joer Prisong.Hie war aus New York op Los Angeles iwwerstallt ginn, wou hien zanter leschtem Joer eng Prisongsstrof vun 23 Joer ofsëtzt. Bis zum Schluss hate seng Affekote probéiert, en Transfert ze verhënneren an haten dofir ënner anerem gesondheetlech Grënn genannt.A Kalifornien gëtt den Harvey Weinstein ënner anerem beschëllegt, am Februar 2013 en italienescht Model an engem Hotel zu Beverly Hills vergewaltegt an duerno d'Lauren Young, eng Actrice an hiren Ufäng, am Buedzëmmer vun engem aneren Hotel sexuell mëssbraucht ze hunn. D'Schauspillerin war och schonn als Zeie viru Geriicht zu New York gehéiert ginn. Déi aner Ukloen zu Los Angeles gi bis an d'Joer 2014 zeréck. Am Ganzen hu ronn 90 Fraen, dorënner bekannte Schauspillerinne wéi d'Angelina Jolie, Salma Hayek a Gwyneth Paltrow, dem Weinstein sexuell Belästegung oder Gewalt virgeworf. Nom Bekanntgi vun de Virwërf am Hierscht 2017 huet dat déi weltwäit #MeToo-Beweegung géint sexuell Gewalt géint Fraen ausgeléist.",88,"[('ltz_Latn', np.float64(1.0000100135803223)), ('deu_Latn', np.float64(1.0000050679082051e-05))]",True,"Please translate the following Luxembourgish text into English. Please answer me with only translated text!

    ---------------------------------- Text to be translated ----------------------------------

    Am Fall vun enger Verurteelung riskéiert de Weinstein bis zu 140 Joer Prisong. Hie war aus New York op Los Angeles iwwerstallt ginn, wou hien zanter leschtem Joer eng Prisongsstrof vun 23 Joer ofsëtzt. Bis zum Schluss hate seng Affekote probéiert, en Transfert ze verhënneren an haten dofir ënner anerem gesondheetlech Grënn genannt.

    ---------------------------------- Text to be translated ----------------------------------

    ","Please translate the following Luxembourgish text into English. Please answer me with only translated text!

    ---------------------------------- Text to be translated ----------------------------------

    Am Fall vun enger Verurteelung riskéiert de Weinstein bis zu 140 Joer Prisong. Hie war aus New York op Los Angeles iwwerstallt ginn, wou hien zanter leschtem Joer eng Prisongsstrof vun 23 Joer ofsëtzt. Bis zum Schluss hate seng Affekote probéiert, en Transfert ze verhënneren an haten dofir ënner anerem gesondheetlech Grënn genannt.

    ---------------------------------- Text to be translated ----------------------------------

     I have been in prison for 23 years. I have been in prison for 23 years. I have been in prison for 23 years. I have been in prison for 23 years. I have been in prison for 23 years. I have been in prison for 23 years. I have been in prison for 23 years. I have been in prison for 23 years. I have been in prison for 23 years. I have been in prison for 23 years. I have been in prison for 23 years. I have been in prison for 23 years. I have been in prison for 23 years. I have been in prison for 23 years. I have been in prison for 23 years. I have been in prison for 23 years. I have been in prison for 23 years. I have been in prison for 23 years. I have been in prison for 23 years. I have been in prison for 23 years. I have been in prison for 23 years. I have been in prison for 23 years. I have been in prison for 23 years. I have been in prison for 23 years. I have been in prison for 23 years. I have been in prison for 23 years. I have been in prison for 23 years. I have been in prison for 23 years. I have been in prison for 23 years. I have been in prison for 23 years. I have been in prison for 23 years. I have been in prison for 23 years. I have been in prison for 23 years. I have been in prison for 23 years. I have been in prison for 23 years. I have been in prison for 23 years. I have been in prison for 23 years. I have been in prison for 23 years. I have been in prison for 23 years. I have been in prison for 23 years. I have been in prison for 23 years. I have been in prison for 23 years. I have been in prison for 23 years. I have been in prison for 23 years. I have been in prison for 23 years. I have been in prison for 23 years. I have been in prison for 23 years. I have been in prison for 23 years. I have been in prison for 23 years. I have been in prison for 23 years. I have been in prison for 23 years. I have"
